iso3,gwcode,country_name,capital_name,capital_name_normalized,valid_from,valid_until,capital_longitude,capital_latitude,iso3_source,source_rows_merged,cshapes_status,cshapes_version,reference_source,source_url,methodological_note,source_file_sha256
AFG,700,Afghanistan,Kabul,kabul,1993-01-01,2020-12-31,69.1833,34.5167,country_converter,1,independent,2.1,cshapes_2_1,https://icr.ethz.ch/data/cshapes/CShapes-2.1.csv,Independent-state capital period from CShapes 2.1.,2c206c6ad079d3fdabaf0fce2eeb1ea71c3c794ecfa8e9abc12f8f4542b78f38
AGO,540,Angola,Luanda,luanda,1993-01-01,2020-12-31,13.2344,-8.83833,country_converter,1,independent,2.1,cshapes_2_1,https://icr.ethz.ch/data/cshapes/CShapes-2.1.csv,Independent-state capital period from CShapes 2.1.,2c206c6ad079d3fdabaf0fce2eeb1ea71c3c794ecfa8e9abc12f8f4542b78f38
ALB,339,Albania,Tirane,tirane,1993-01-01,2020-12-31,19.8189,41.3275,country_converter,1,independent,2.1,cshapes_2_1,https://icr.ethz.ch/data/cshapes/CShapes-2.1.csv,Independent-state capital period from CShapes 2.1.,2c206c6ad079d3fdabaf0fce2eeb1ea71c3c794ecfa8e9abc12f8f4542b78f38
ARE,696,United Arab Emirates,Abu Dhabi,abu dhabi,1993-01-01,2020-12-31,54.3667,24.4667,country_converter,1,independent,2.1,cshapes_2_1,https://icr.ethz.ch/data/cshapes/CShapes-2.1.csv,Independent-state capital period from CShapes 2.1.,2c206c6ad079d3fdabaf0fce2eeb1ea71c3c794ecfa8e9abc12f8f4542b78f38
ARG,160,Argentina,Buenos Aires,buenos aires,1993-01-01,2020-12-31,-58.6725,-34.5875,country_converter,3,independent,2.1,cshapes_2_1,https://icr.ethz.ch/data/cshapes/CShapes-2.1.csv,Independent-state capital period from CShapes 2.1.,2c206c6ad079d3fdabaf0fce2eeb1ea71c3c794ecfa8e9abc12f8f4542b78f38
ARM,371,Armenia,Yerevan,yerevan,1993-01-01,2020-12-31,44.5136,40.1811,country_converter,1,independent,2.1,cshapes_2_1,https://icr.ethz.ch/data/cshapes/CShapes-2.1.csv,Independent-state capital period from CShapes 2.1.,2c206c6ad079d3fdabaf0fce2eeb1ea71c3c794ecfa8e9abc12f8f4542b78f38
AUS,900,Australia,Canberra,canberra,1993-01-01,2020-12-31,149.217,-35.2833,country_converter,1,independent,2.1,cshapes_2_1,https://icr.ethz.ch/data/cshapes/CShapes-2.1.csv,Independent-state capital period from CShapes 2.1.,2c206c6ad079d3fdabaf0fce2eeb1ea71c3c794ecfa8e9abc12f8f4542b78f38
AUT,305,Austria,Vienna,vienna,1993-01-01,2020-12-31,16.3667,48.2,country_converter,2,independent,2.1,cshapes_2_1,https://icr.ethz.ch/data/cshapes/CShapes-2.1.csv,Independent-state capital period from CShapes 2.1.,2c206c6ad079d3fdabaf0fce2eeb1ea71c3c794ecfa8e9abc12f8f4542b78f38
AZE,373,Azerbaijan,Baku,baku,1993-01-01,2020-12-31,49.8822,40.3953,country_converter,1,independent,2.1,cshapes_2_1,https://icr.ethz.ch/data/cshapes/CShapes-2.1.csv,Independent-state capital period from CShapes 2.1.,2c206c6ad079d3fdabaf0fce2eeb1ea71c3c794ecfa8e9abc12f8f4542b78f38
BDI,516,Burundi,Bujumbura,bujumbura,1993-01-01,2020-12-31,29.36,-3.37611,country_converter,1,independent,2.1,cshapes_2_1,https://icr.ethz.ch/data/cshapes/CShapes-2.1.csv,Independent-state capital period from CShapes 2.1.,2c206c6ad079d3fdabaf0fce2eeb1ea71c3c794ecfa8e9abc12f8f4542b78f38
BEL,211,Belgium,Brussels,brussels,1993-01-01,2020-12-31,4.33333,50.8333,country_converter,1,independent,2.1,cshapes_2_1,https://icr.ethz.ch/data/cshapes/CShapes-2.1.csv,Independent-state capital period from CShapes 2.1.,2c206c6ad079d3fdabaf0fce2eeb1ea71c3c794ecfa8e9abc12f8f4542b78f38
BEN,434,Benin,Porto-Novo,porto novo,1993-01-01,2020-12-31,2.61667,6.48333,country_converter,1,independent,2.1,cshapes_2_1,https://icr.ethz.ch/data/cshapes/CShapes-2.1.csv,Independent-state capital period from CShapes 2.1.,2c206c6ad079d3fdabaf0fce2eeb1ea71c3c794ecfa8e9abc12f8f4542b78f38
BFA,439,Burkina Faso (Upper Volta),Ouagadougou,ouagadougou,1993-01-01,2020-12-31,-1.52472,12.3703,country_converter,1,independent,2.1,cshapes_2_1,https://icr.ethz.ch/data/cshapes/CShapes-2.1.csv,Independent-state capital period from CShapes 2.1.,2c206c6ad079d3fdabaf0fce2eeb1ea71c3c794ecfa8e9abc12f8f4542b78f38
BGD,771,Bangladesh,Dhaka,dhaka,1993-01-01,2020-12-31,90.4086,23.723,country_converter,1,independent,2.1,cshapes_2_1,https://icr.ethz.ch/data/cshapes/CShapes-2.1.csv,Independent-state capital period from CShapes 2.1.,2c206c6ad079d3fdabaf0fce2eeb1ea71c3c794ecfa8e9abc12f8f4542b78f38
BGR,355,Bulgaria,Sofia,sofia,1993-01-01,2020-12-31,23.3167,42.6833,country_converter,5,independent,2.1,cshapes_2_1,https://icr.ethz.ch/data/cshapes/CShapes-2.1.csv,Independent-state capital period from CShapes 2.1.,2c206c6ad079d3fdabaf0fce2eeb1ea71c3c794ecfa8e9abc12f8f4542b78f38
BHR,692,Bahrain,Manama,manama,1993-01-01,2020-12-31,50.5831,26.2361,country_converter,1,independent,2.1,cshapes_2_1,https://icr.ethz.ch/data/cshapes/CShapes-2.1.csv,Independent-state capital period from CShapes 2.1.,2c206c6ad079d3fdabaf0fce2eeb1ea71c3c794ecfa8e9abc12f8f4542b78f38
BHS,31,Bahamas,Nassau,nassau,1993-01-01,2020-12-31,-77.343,25.0774,country_converter,1,independent,2.1,cshapes_2_1,https://icr.ethz.ch/data/cshapes/CShapes-2.1.csv,Independent-state capital period from CShapes 2.1.,2c206c6ad079d3fdabaf0fce2eeb1ea71c3c794ecfa8e9abc12f8f4542b78f38
BIH,346,Bosnia-Herzegovina,Sarajevo,sarajevo,1993-01-01,2020-12-31,18.3833,43.85,country_converter,1,independent,2.1,cshapes_2_1,https://icr.ethz.ch/data/cshapes/CShapes-2.1.csv,Independent-state capital period from CShapes 2.1.,2c206c6ad079d3fdabaf0fce2eeb1ea71c3c794ecfa8e9abc12f8f4542b78f38
BLR,370,Belarus (Byelorussia),Minsk,minsk,1993-01-01,2020-12-31,27.5667,53.9,country_converter,1,independent,2.1,cshapes_2_1,https://icr.ethz.ch/data/cshapes/CShapes-2.1.csv,Independent-state capital period from CShapes 2.1.,2c206c6ad079d3fdabaf0fce2eeb1ea71c3c794ecfa8e9abc12f8f4542b78f38
BLZ,80,Belize,Belmopan,belmopan,1993-01-01,2020-12-31,-88.7667,17.25,country_converter,1,independent,2.1,cshapes_2_1,https://icr.ethz.ch/data/cshapes/CShapes-2.1.csv,Independent-state capital period from CShapes 2.1.,2c206c6ad079d3fdabaf0fce2eeb1ea71c3c794ecfa8e9abc12f8f4542b78f38
BOL,145,Bolivia,La Paz,la paz,1993-01-01,2020-12-31,-68.15,-16.5,country_converter,4,independent,2.1,cshapes_2_1,https://icr.ethz.ch/data/cshapes/CShapes-2.1.csv,Independent-state capital period from CShapes 2.1.,2c206c6ad079d3fdabaf0fce2eeb1ea71c3c794ecfa8e9abc12f8f4542b78f38
BRA,140,Brazil,Brasilia,brasilia,1993-01-01,2020-12-31,-47.9,-15.8,country_converter,1,independent,2.1,cshapes_2_1,https://icr.ethz.ch/data/cshapes/CShapes-2.1.csv,Independent-state capital period from CShapes 2.1.,2c206c6ad079d3fdabaf0fce2eeb1ea71c3c794ecfa8e9abc12f8f4542b78f38
BRB,53,Barbados,Bridgetown,bridgetown,1993-01-01,2020-12-31,-59.6167,13.1,country_converter,1,independent,2.1,cshapes_2_1,https://icr.ethz.ch/data/cshapes/CShapes-2.1.csv,Independent-state capital period from CShapes 2.1.,2c206c6ad079d3fdabaf0fce2eeb1ea71c3c794ecfa8e9abc12f8f4542b78f38
BRN,835,Brunei,Bandar Seri Begawan,bandar seri begawan,1993-01-01,2020-12-31,114.933,4.88333,country_converter,1,independent,2.1,cshapes_2_1,https://icr.ethz.ch/data/cshapes/CShapes-2.1.csv,Independent-state capital period from CShapes 2.1.,2c206c6ad079d3fdabaf0fce2eeb1ea71c3c794ecfa8e9abc12f8f4542b78f38
BTN,760,Bhutan,Thimphu,thimphu,1993-01-01,2020-12-31,89.6,27.4833,country_converter,1,independent,2.1,cshapes_2_1,https://icr.ethz.ch/data/cshapes/CShapes-2.1.csv,Independent-state capital period from CShapes 2.1.,2c206c6ad079d3fdabaf0fce2eeb1ea71c3c794ecfa8e9abc12f8f4542b78f38
BWA,571,Botswana,Gaborone,gaborone,1993-01-01,2020-12-31,25.9119,-24.6464,country_converter,1,independent,2.1,cshapes_2_1,https://icr.ethz.ch/data/cshapes/CShapes-2.1.csv,Independent-state capital period from CShapes 2.1.,2c206c6ad079d3fdabaf0fce2eeb1ea71c3c794ecfa8e9abc12f8f4542b78f38
CAF,482,Central African Republic,Bangui,bangui,1993-01-01,2020-12-31,18.5829,4.36808,country_converter,1,independent,2.1,cshapes_2_1,https://icr.ethz.ch/data/cshapes/CShapes-2.1.csv,Independent-state capital period from CShapes 2.1.,2c206c6ad079d3fdabaf0fce2eeb1ea71c3c794ecfa8e9abc12f8f4542b78f38
CAN,20,Canada,Ottawa,ottawa,1993-01-01,2020-12-31,-75.69,45.4208,country_converter,2,independent,2.1,cshapes_2_1,https://icr.ethz.ch/data/cshapes/CShapes-2.1.csv,Independent-state capital period from CShapes 2.1.,2c206c6ad079d3fdabaf0fce2eeb1ea71c3c794ecfa8e9abc12f8f4542b78f38
CHE,225,Switzerland,Bern,bern,1993-01-01,2020-12-31,7.46667,46.9167,country_converter,1,independent,2.1,cshapes_2_1,https://icr.ethz.ch/data/cshapes/CShapes-2.1.csv,Independent-state capital period from CShapes 2.1.,2c206c6ad079d3fdabaf0fce2eeb1ea71c3c794ecfa8e9abc12f8f4542b78f38
CHL,155,Chile,Santiago,santiago,1993-01-01,2020-12-31,-70.6667,-33.45,country_converter,3,independent,2.1,cshapes_2_1,https://icr.ethz.ch/data/cshapes/CShapes-2.1.csv,Independent-state capital period from CShapes 2.1.,2c206c6ad079d3fdabaf0fce2eeb1ea71c3c794ecfa8e9abc12f8f4542b78f38
CHN,710,China,Beijing,beijing,1993-01-01,2020-12-31,116.388,39.9289,country_converter,10,independent,2.1,cshapes_2_1,https://icr.ethz.ch/data/cshapes/CShapes-2.1.csv,Independent-state capital period from CShapes 2.1.,2c206c6ad079d3fdabaf0fce2eeb1ea71c3c794ecfa8e9abc12f8f4542b78f38
CIV,437,Cote D'Ivoire,Yamoussoukro,yamoussoukro,1993-01-01,2020-12-31,-5.28333,6.81667,country_converter,1,independent,2.1,cshapes_2_1,https://icr.ethz.ch/data/cshapes/CShapes-2.1.csv,Independent-state capital period from CShapes 2.1.,2c206c6ad079d3fdabaf0fce2eeb1ea71c3c794ecfa8e9abc12f8f4542b78f38
CMR,471,Cameroon,Yaounde,yaounde,1993-01-01,2020-12-31,11.5167,3.86667,country_converter,2,independent,2.1,cshapes_2_1,https://icr.ethz.ch/data/cshapes/CShapes-2.1.csv,Independent-state capital period from CShapes 2.1.,2c206c6ad079d3fdabaf0fce2eeb1ea71c3c794ecfa8e9abc12f8f4542b78f38
COD,490,"Congo, Democratic Republic of (Zaire)",Kinshasa (Léopoldville),kinshasa leopoldville,1993-01-01,2020-12-31,15.315,-4.32972,country_converter,1,independent,2.1,cshapes_2_1,https://icr.ethz.ch/data/cshapes/CShapes-2.1.csv,Independent-state capital period from CShapes 2.1.,2c206c6ad079d3fdabaf0fce2eeb1ea71c3c794ecfa8e9abc12f8f4542b78f38
COG,484,Congo,Brazzaville,brazzaville,1993-01-01,2020-12-31,15.2847,-4.25917,country_converter,1,independent,2.1,cshapes_2_1,https://icr.ethz.ch/data/cshapes/CShapes-2.1.csv,Independent-state capital period from CShapes 2.1.,2c206c6ad079d3fdabaf0fce2eeb1ea71c3c794ecfa8e9abc12f8f4542b78f38
COL,100,Colombia,Bogota,bogota,1993-01-01,2020-12-31,-74.0833,4.6,country_converter,3,independent,2.1,cshapes_2_1,https://icr.ethz.ch/data/cshapes/CShapes-2.1.csv,Independent-state capital period from CShapes 2.1.,2c206c6ad079d3fdabaf0fce2eeb1ea71c3c794ecfa8e9abc12f8f4542b78f38
COM,581,Comoros,Moroni,moroni,1993-01-01,2020-12-31,43.2403,-11.7042,country_converter,1,independent,2.1,cshapes_2_1,https://icr.ethz.ch/data/cshapes/CShapes-2.1.csv,Independent-state capital period from CShapes 2.1.,2c206c6ad079d3fdabaf0fce2eeb1ea71c3c794ecfa8e9abc12f8f4542b78f38
CPV,402,Cape Verde,Praia,praia,1993-01-01,2020-12-31,-23.5167,14.9167,country_converter,1,independent,2.1,cshapes_2_1,https://icr.ethz.ch/data/cshapes/CShapes-2.1.csv,Independent-state capital period from CShapes 2.1.,2c206c6ad079d3fdabaf0fce2eeb1ea71c3c794ecfa8e9abc12f8f4542b78f38
CRI,94,Costa Rica,San Jose,san jose,1993-01-01,2020-12-31,-84.0833,9.93333,country_converter,1,independent,2.1,cshapes_2_1,https://icr.ethz.ch/data/cshapes/CShapes-2.1.csv,Independent-state capital period from CShapes 2.1.,2c206c6ad079d3fdabaf0fce2eeb1ea71c3c794ecfa8e9abc12f8f4542b78f38
CUB,40,Cuba,Havana,havana,1993-01-01,2020-12-31,-82.3642,23.1319,country_converter,1,independent,2.1,cshapes_2_1,https://icr.ethz.ch/data/cshapes/CShapes-2.1.csv,Independent-state capital period from CShapes 2.1.,2c206c6ad079d3fdabaf0fce2eeb1ea71c3c794ecfa8e9abc12f8f4542b78f38
CYP,352,Cyprus,Nicosia,nicosia,1993-01-01,2020-12-31,33.3667,35.1667,country_converter,1,independent,2.1,cshapes_2_1,https://icr.ethz.ch/data/cshapes/CShapes-2.1.csv,Independent-state capital period from CShapes 2.1.,2c206c6ad079d3fdabaf0fce2eeb1ea71c3c794ecfa8e9abc12f8f4542b78f38
CZE,316,Czech Republic,Prague,prague,1993-01-01,2020-12-31,14.4667,50.0833,country_converter,1,independent,2.1,cshapes_2_1,https://icr.ethz.ch/data/cshapes/CShapes-2.1.csv,Independent-state capital period from CShapes 2.1.,2c206c6ad079d3fdabaf0fce2eeb1ea71c3c794ecfa8e9abc12f8f4542b78f38
DEU,260,German Federal Republic,Berlin,berlin,1993-01-01,2020-12-31,13.4,52.5167,manual_override,1,independent,2.1,cshapes_2_1,https://icr.ethz.ch/data/cshapes/CShapes-2.1.csv,Independent-state capital period from CShapes 2.1.,2c206c6ad079d3fdabaf0fce2eeb1ea71c3c794ecfa8e9abc12f8f4542b78f38
DJI,522,Djibouti,Djibouti,djibouti,1993-01-01,2020-12-31,43.1506,11.5704,country_converter,1,independent,2.1,cshapes_2_1,https://icr.ethz.ch/data/cshapes/CShapes-2.1.csv,Independent-state capital period from CShapes 2.1.,2c206c6ad079d3fdabaf0fce2eeb1ea71c3c794ecfa8e9abc12f8f4542b78f38
DNK,390,Denmark,Copenhagen,copenhagen,1993-01-01,2020-12-31,12.567,55.677,country_converter,2,independent,2.1,cshapes_2_1,https://icr.ethz.ch/data/cshapes/CShapes-2.1.csv,Independent-state capital period from CShapes 2.1.,2c206c6ad079d3fdabaf0fce2eeb1ea71c3c794ecfa8e9abc12f8f4542b78f38
DOM,42,Dominican Republic,Santo Domingo,santo domingo,1993-01-01,2020-12-31,-69.9,18.4667,country_converter,1,independent,2.1,cshapes_2_1,https://icr.ethz.ch/data/cshapes/CShapes-2.1.csv,Independent-state capital period from CShapes 2.1.,2c206c6ad079d3fdabaf0fce2eeb1ea71c3c794ecfa8e9abc12f8f4542b78f38
DZA,615,Algeria,Algiers,algiers,1993-01-01,2020-12-31,3.05056,36.7631,country_converter,1,independent,2.1,cshapes_2_1,https://icr.ethz.ch/data/cshapes/CShapes-2.1.csv,Independent-state capital period from CShapes 2.1.,2c206c6ad079d3fdabaf0fce2eeb1ea71c3c794ecfa8e9abc12f8f4542b78f38
ECU,130,Ecuador,Quito,quito,1993-01-01,2020-12-31,-78.5,-0.21667,country_converter,2,independent,2.1,cshapes_2_1,https://icr.ethz.ch/data/cshapes/CShapes-2.1.csv,Independent-state capital period from CShapes 2.1.,2c206c6ad079d3fdabaf0fce2eeb1ea71c3c794ecfa8e9abc12f8f4542b78f38
EGY,651,Egypt,Cairo,cairo,1993-01-01,2020-12-31,31.25,30.05,country_converter,4,independent,2.1,cshapes_2_1,https://icr.ethz.ch/data/cshapes/CShapes-2.1.csv,Independent-state capital period from CShapes 2.1.,2c206c6ad079d3fdabaf0fce2eeb1ea71c3c794ecfa8e9abc12f8f4542b78f38
ERI,531,Eritrea,Asmara,asmara,1993-05-24,2020-12-31,38.9333,15.3333,country_converter,1,independent,2.1,cshapes_2_1,https://icr.ethz.ch/data/cshapes/CShapes-2.1.csv,Independent-state capital period from CShapes 2.1.,2c206c6ad079d3fdabaf0fce2eeb1ea71c3c794ecfa8e9abc12f8f4542b78f38
ESP,230,Spain,Madrid,madrid,1993-01-01,2020-12-31,-3.68333,40.4,country_converter,1,independent,2.1,cshapes_2_1,https://icr.ethz.ch/data/cshapes/CShapes-2.1.csv,Independent-state capital period from CShapes 2.1.,2c206c6ad079d3fdabaf0fce2eeb1ea71c3c794ecfa8e9abc12f8f4542b78f38
EST,366,Estonia,Tallinn,tallinn,1993-01-01,2020-12-31,24.7281,59.4339,country_converter,1,independent,2.1,cshapes_2_1,https://icr.ethz.ch/data/cshapes/CShapes-2.1.csv,Independent-state capital period from CShapes 2.1.,2c206c6ad079d3fdabaf0fce2eeb1ea71c3c794ecfa8e9abc12f8f4542b78f38
ETH,530,Ethiopia,Addis Ababa,addis ababa,1993-01-01,2020-12-31,38.7751,9.01393,country_converter,7,independent,2.1,cshapes_2_1,https://icr.ethz.ch/data/cshapes/CShapes-2.1.csv,Independent-state capital period from CShapes 2.1.,2c206c6ad079d3fdabaf0fce2eeb1ea71c3c794ecfa8e9abc12f8f4542b78f38
FIN,375,Finland,Helsinki,helsinki,1993-01-01,2020-12-31,24.9342,60.1756,country_converter,2,independent,2.1,cshapes_2_1,https://icr.ethz.ch/data/cshapes/CShapes-2.1.csv,Independent-state capital period from CShapes 2.1.,2c206c6ad079d3fdabaf0fce2eeb1ea71c3c794ecfa8e9abc12f8f4542b78f38
FJI,950,Fiji,Suva,suva,1993-01-01,2020-12-31,178.43,-18.1341,country_converter,1,independent,2.1,cshapes_2_1,https://icr.ethz.ch/data/cshapes/CShapes-2.1.csv,Independent-state capital period from CShapes 2.1.,2c206c6ad079d3fdabaf0fce2eeb1ea71c3c794ecfa8e9abc12f8f4542b78f38
FRA,220,France,Paris,paris,1993-01-01,2020-12-31,2.33333,48.8667,country_converter,2,independent,2.1,cshapes_2_1,https://icr.ethz.ch/data/cshapes/CShapes-2.1.csv,Independent-state capital period from CShapes 2.1.,2c206c6ad079d3fdabaf0fce2eeb1ea71c3c794ecfa8e9abc12f8f4542b78f38
GAB,481,Gabon,Libreville,libreville,1993-01-01,2020-12-31,9.45,0.38333,country_converter,1,independent,2.1,cshapes_2_1,https://icr.ethz.ch/data/cshapes/CShapes-2.1.csv,Independent-state capital period from CShapes 2.1.,2c206c6ad079d3fdabaf0fce2eeb1ea71c3c794ecfa8e9abc12f8f4542b78f38
GBR,200,United Kingdom,London,london,1993-01-01,2020-12-31,-0.116667,51.5,country_converter,2,independent,2.1,cshapes_2_1,https://icr.ethz.ch/data/cshapes/CShapes-2.1.csv,Independent-state capital period from CShapes 2.1.,2c206c6ad079d3fdabaf0fce2eeb1ea71c3c794ecfa8e9abc12f8f4542b78f38
GEO,372,Georgia,T'bilisi,t bilisi,1993-01-01,2020-12-31,44.7908,41.725,country_converter,1,independent,2.1,cshapes_2_1,https://icr.ethz.ch/data/cshapes/CShapes-2.1.csv,Independent-state capital period from CShapes 2.1.,2c206c6ad079d3fdabaf0fce2eeb1ea71c3c794ecfa8e9abc12f8f4542b78f38
GHA,452,Ghana,Accra,accra,1993-01-01,2020-12-31,-0.216667,5.55,country_converter,1,independent,2.1,cshapes_2_1,https://icr.ethz.ch/data/cshapes/CShapes-2.1.csv,Independent-state capital period from CShapes 2.1.,2c206c6ad079d3fdabaf0fce2eeb1ea71c3c794ecfa8e9abc12f8f4542b78f38
GIN,438,Guinea,Conakry,conakry,1993-01-01,2020-12-31,-13.6619,9.55133,country_converter,1,independent,2.1,cshapes_2_1,https://icr.ethz.ch/data/cshapes/CShapes-2.1.csv,Independent-state capital period from CShapes 2.1.,2c206c6ad079d3fdabaf0fce2eeb1ea71c3c794ecfa8e9abc12f8f4542b78f38
GMB,420,Gambia,Banjul,banjul,1993-01-01,2020-12-31,-16.5917,13.4539,country_converter,1,independent,2.1,cshapes_2_1,https://icr.ethz.ch/data/cshapes/CShapes-2.1.csv,Independent-state capital period from CShapes 2.1.,2c206c6ad079d3fdabaf0fce2eeb1ea71c3c794ecfa8e9abc12f8f4542b78f38
GNB,404,Guinea-Bissau,Bissau,bissau,1993-01-01,2020-12-31,-15.58,11.8588,country_converter,1,independent,2.1,cshapes_2_1,https://icr.ethz.ch/data/cshapes/CShapes-2.1.csv,Independent-state capital period from CShapes 2.1.,2c206c6ad079d3fdabaf0fce2eeb1ea71c3c794ecfa8e9abc12f8f4542b78f38
GNQ,411,Equatorial Guinea,Malabo,malabo,1993-01-01,2020-12-31,8.7371,3.75041,country_converter,1,independent,2.1,cshapes_2_1,https://icr.ethz.ch/data/cshapes/CShapes-2.1.csv,Independent-state capital period from CShapes 2.1.,2c206c6ad079d3fdabaf0fce2eeb1ea71c3c794ecfa8e9abc12f8f4542b78f38
GRC,350,Greece,Athens,athens,1993-01-01,2020-12-31,23.7333,37.9833,country_converter,3,independent,2.1,cshapes_2_1,https://icr.ethz.ch/data/cshapes/CShapes-2.1.csv,Independent-state capital period from CShapes 2.1.,2c206c6ad079d3fdabaf0fce2eeb1ea71c3c794ecfa8e9abc12f8f4542b78f38
GTM,90,Guatemala,Guatemala City,guatemala city,1993-01-01,2020-12-31,-90.5269,14.6211,country_converter,1,independent,2.1,cshapes_2_1,https://icr.ethz.ch/data/cshapes/CShapes-2.1.csv,Independent-state capital period from CShapes 2.1.,2c206c6ad079d3fdabaf0fce2eeb1ea71c3c794ecfa8e9abc12f8f4542b78f38
GUY,110,Guyana,Georgetown,georgetown,1993-01-01,2020-12-31,-58.1667,6.8,country_converter,1,independent,2.1,cshapes_2_1,https://icr.ethz.ch/data/cshapes/CShapes-2.1.csv,Independent-state capital period from CShapes 2.1.,2c206c6ad079d3fdabaf0fce2eeb1ea71c3c794ecfa8e9abc12f8f4542b78f38
HKG,,Hong Kong,Hong Kong,hong kong,1993-01-01,2020-12-31,114.1694,22.3193,manual_reference,1,not_in_cshapes_independent_states,2.1,manual_territory_proxy,https://www.basiclaw.gov.hk/en/basiclaw/chapter5.html,Manual analytic proxy because HKG is a separate FDI economy but not an independent CShapes state. Hong Kong has no separate national capital; Hong Kong is used as the capital-equivalent city for this territorial unit.,
HND,91,Honduras,Tegucigalpa,tegucigalpa,1993-01-01,2020-12-31,-87.2167,14.1,country_converter,1,independent,2.1,cshapes_2_1,https://icr.ethz.ch/data/cshapes/CShapes-2.1.csv,Independent-state capital period from CShapes 2.1.,2c206c6ad079d3fdabaf0fce2eeb1ea71c3c794ecfa8e9abc12f8f4542b78f38
HRV,344,Croatia,Zagreb,zagreb,1993-01-01,2020-12-31,15.9819,45.815,country_converter,1,independent,2.1,cshapes_2_1,https://icr.ethz.ch/data/cshapes/CShapes-2.1.csv,Independent-state capital period from CShapes 2.1.,2c206c6ad079d3fdabaf0fce2eeb1ea71c3c794ecfa8e9abc12f8f4542b78f38
HTI,41,Haiti,Port-au-Prince,port au prince,1993-01-01,2020-12-31,-72.335,18.5392,country_converter,1,independent,2.1,cshapes_2_1,https://icr.ethz.ch/data/cshapes/CShapes-2.1.csv,Independent-state capital period from CShapes 2.1.,2c206c6ad079d3fdabaf0fce2eeb1ea71c3c794ecfa8e9abc12f8f4542b78f38
HUN,310,Hungary,Budapest,budapest,1993-01-01,2020-12-31,19.0833,47.5,country_converter,6,independent,2.1,cshapes_2_1,https://icr.ethz.ch/data/cshapes/CShapes-2.1.csv,Independent-state capital period from CShapes 2.1.,2c206c6ad079d3fdabaf0fce2eeb1ea71c3c794ecfa8e9abc12f8f4542b78f38
IDN,850,Indonesia,Jakarta,jakarta,1993-01-01,2020-12-31,106.829,-6.17444,country_converter,5,independent,2.1,cshapes_2_1,https://icr.ethz.ch/data/cshapes/CShapes-2.1.csv,Independent-state capital period from CShapes 2.1.,2c206c6ad079d3fdabaf0fce2eeb1ea71c3c794ecfa8e9abc12f8f4542b78f38
IND,750,India,New Delhi (Delhi),new delhi delhi,1993-01-01,2020-12-31,77.2,28.6,country_converter,2,independent,2.1,cshapes_2_1,https://icr.ethz.ch/data/cshapes/CShapes-2.1.csv,Independent-state capital period from CShapes 2.1.,2c206c6ad079d3fdabaf0fce2eeb1ea71c3c794ecfa8e9abc12f8f4542b78f38
IRL,205,Ireland,Dublin,dublin,1993-01-01,2020-12-31,-6.24889,53.3331,country_converter,1,independent,2.1,cshapes_2_1,https://icr.ethz.ch/data/cshapes/CShapes-2.1.csv,Independent-state capital period from CShapes 2.1.,2c206c6ad079d3fdabaf0fce2eeb1ea71c3c794ecfa8e9abc12f8f4542b78f38
IRN,630,Iran (Persia),Tehran,tehran,1993-01-01,2020-12-31,51.4244,35.6719,country_converter,1,independent,2.1,cshapes_2_1,https://icr.ethz.ch/data/cshapes/CShapes-2.1.csv,Independent-state capital period from CShapes 2.1.,2c206c6ad079d3fdabaf0fce2eeb1ea71c3c794ecfa8e9abc12f8f4542b78f38
IRQ,645,Iraq,Baghdad,baghdad,1993-01-01,2020-12-31,44.3939,33.3386,country_converter,1,independent,2.1,cshapes_2_1,https://icr.ethz.ch/data/cshapes/CShapes-2.1.csv,Independent-state capital period from CShapes 2.1.,2c206c6ad079d3fdabaf0fce2eeb1ea71c3c794ecfa8e9abc12f8f4542b78f38
ISL,395,Iceland,Reykjavik,reykjavik,1993-01-01,2020-12-31,-21.95,64.15,country_converter,1,independent,2.1,cshapes_2_1,https://icr.ethz.ch/data/cshapes/CShapes-2.1.csv,Independent-state capital period from CShapes 2.1.,2c206c6ad079d3fdabaf0fce2eeb1ea71c3c794ecfa8e9abc12f8f4542b78f38
ISR,666,Israel,Jerusalem,jerusalem,1993-01-01,2020-12-31,35.2066,31.7784,country_converter,3,independent,2.1,cshapes_2_1,https://icr.ethz.ch/data/cshapes/CShapes-2.1.csv,Independent-state capital period from CShapes 2.1.,2c206c6ad079d3fdabaf0fce2eeb1ea71c3c794ecfa8e9abc12f8f4542b78f38
ITA,325,Italy/Sardinia,Rome,rome,1993-01-01,2020-12-31,12.4833,41.9,country_converter,2,independent,2.1,cshapes_2_1,https://icr.ethz.ch/data/cshapes/CShapes-2.1.csv,Independent-state capital period from CShapes 2.1.,2c206c6ad079d3fdabaf0fce2eeb1ea71c3c794ecfa8e9abc12f8f4542b78f38
JAM,51,Jamaica,Kingston,kingston,1993-01-01,2020-12-31,-76.8,18.0,country_converter,1,independent,2.1,cshapes_2_1,https://icr.ethz.ch/data/cshapes/CShapes-2.1.csv,Independent-state capital period from CShapes 2.1.,2c206c6ad079d3fdabaf0fce2eeb1ea71c3c794ecfa8e9abc12f8f4542b78f38
JOR,663,Jordan,Amman,amman,1993-01-01,2020-12-31,35.9333,31.95,country_converter,1,independent,2.1,cshapes_2_1,https://icr.ethz.ch/data/cshapes/CShapes-2.1.csv,Independent-state capital period from CShapes 2.1.,2c206c6ad079d3fdabaf0fce2eeb1ea71c3c794ecfa8e9abc12f8f4542b78f38
JPN,740,Japan,Tokyo,tokyo,1993-01-01,2020-12-31,139.751,35.685,country_converter,1,independent,2.1,cshapes_2_1,https://icr.ethz.ch/data/cshapes/CShapes-2.1.csv,Independent-state capital period from CShapes 2.1.,2c206c6ad079d3fdabaf0fce2eeb1ea71c3c794ecfa8e9abc12f8f4542b78f38
KAZ,705,Kazakhstan,Almaty,almaty,1993-01-01,1997-12-09,76.915,43.325,country_converter,1,independent,2.1,cshapes_2_1,https://icr.ethz.ch/data/cshapes/CShapes-2.1.csv,Independent-state capital period from CShapes 2.1.,2c206c6ad079d3fdabaf0fce2eeb1ea71c3c794ecfa8e9abc12f8f4542b78f38
KAZ,705,Kazakhstan,Astana,astana,1997-12-10,2020-12-31,71.4278,51.1811,country_converter,1,independent,2.1,cshapes_2_1,https://icr.ethz.ch/data/cshapes/CShapes-2.1.csv,Independent-state capital period from CShapes 2.1.,2c206c6ad079d3fdabaf0fce2eeb1ea71c3c794ecfa8e9abc12f8f4542b78f38
KEN,501,Kenya,Nairobi,nairobi,1993-01-01,2020-12-31,36.8167,-1.28333,country_converter,1,independent,2.1,cshapes_2_1,https://icr.ethz.ch/data/cshapes/CShapes-2.1.csv,Independent-state capital period from CShapes 2.1.,2c206c6ad079d3fdabaf0fce2eeb1ea71c3c794ecfa8e9abc12f8f4542b78f38
KGZ,703,Kyrgyz Republic,Bishkek,bishkek,1993-01-01,2020-12-31,74.6003,42.8731,country_converter,1,independent,2.1,cshapes_2_1,https://icr.ethz.ch/data/cshapes/CShapes-2.1.csv,Independent-state capital period from CShapes 2.1.,2c206c6ad079d3fdabaf0fce2eeb1ea71c3c794ecfa8e9abc12f8f4542b78f38
KHM,811,Cambodia (Kampuchea),Phnom Penh,phnom penh,1993-01-01,2020-12-31,104.917,11.55,country_converter,1,independent,2.1,cshapes_2_1,https://icr.ethz.ch/data/cshapes/CShapes-2.1.csv,Independent-state capital period from CShapes 2.1.,2c206c6ad079d3fdabaf0fce2eeb1ea71c3c794ecfa8e9abc12f8f4542b78f38
KOR,732,"Korea, Republic of",Seoul,seoul,1993-01-01,2020-12-31,127.0,37.5664,country_converter,1,independent,2.1,cshapes_2_1,https://icr.ethz.ch/data/cshapes/CShapes-2.1.csv,Independent-state capital period from CShapes 2.1.,2c206c6ad079d3fdabaf0fce2eeb1ea71c3c794ecfa8e9abc12f8f4542b78f38
KWT,690,Kuwait,Kuwait,kuwait,1993-01-01,2020-12-31,47.9783,29.3697,country_converter,1,independent,2.1,cshapes_2_1,https://icr.ethz.ch/data/cshapes/CShapes-2.1.csv,Independent-state capital period from CShapes 2.1.,2c206c6ad079d3fdabaf0fce2eeb1ea71c3c794ecfa8e9abc12f8f4542b78f38
LAO,812,Laos,Vientiane,vientiane,1993-01-01,2020-12-31,102.6,17.9667,country_converter,1,independent,2.1,cshapes_2_1,https://icr.ethz.ch/data/cshapes/CShapes-2.1.csv,Independent-state capital period from CShapes 2.1.,2c206c6ad079d3fdabaf0fce2eeb1ea71c3c794ecfa8e9abc12f8f4542b78f38
LBN,660,Lebanon,Beirut,beirut,1993-01-01,2020-12-31,35.5097,33.8719,country_converter,1,independent,2.1,cshapes_2_1,https://icr.ethz.ch/data/cshapes/CShapes-2.1.csv,Independent-state capital period from CShapes 2.1.,2c206c6ad079d3fdabaf0fce2eeb1ea71c3c794ecfa8e9abc12f8f4542b78f38
LBR,450,Liberia,Monrovia,monrovia,1993-01-01,2020-12-31,-10.8047,6.31056,country_converter,2,independent,2.1,cshapes_2_1,https://icr.ethz.ch/data/cshapes/CShapes-2.1.csv,Independent-state capital period from CShapes 2.1.,2c206c6ad079d3fdabaf0fce2eeb1ea71c3c794ecfa8e9abc12f8f4542b78f38
LBY,620,Libya,Tripoli,tripoli,1993-01-01,2020-12-31,13.18,32.8925,country_converter,1,independent,2.1,cshapes_2_1,https://icr.ethz.ch/data/cshapes/CShapes-2.1.csv,Independent-state capital period from CShapes 2.1.,2c206c6ad079d3fdabaf0fce2eeb1ea71c3c794ecfa8e9abc12f8f4542b78f38
LKA,780,Sri Lanka (Ceylon),Colombo,colombo,1993-01-01,2020-12-31,79.8478,6.93194,country_converter,1,independent,2.1,cshapes_2_1,https://icr.ethz.ch/data/cshapes/CShapes-2.1.csv,Independent-state capital period from CShapes 2.1.,2c206c6ad079d3fdabaf0fce2eeb1ea71c3c794ecfa8e9abc12f8f4542b78f38
LSO,570,Lesotho,Maseru,maseru,1993-01-01,2020-12-31,27.4833,-29.3167,country_converter,1,independent,2.1,cshapes_2_1,https://icr.ethz.ch/data/cshapes/CShapes-2.1.csv,Independent-state capital period from CShapes 2.1.,2c206c6ad079d3fdabaf0fce2eeb1ea71c3c794ecfa8e9abc12f8f4542b78f38
LTU,368,Lithuania,Vilnius,vilnius,1993-01-01,2020-12-31,25.3167,54.6833,country_converter,1,independent,2.1,cshapes_2_1,https://icr.ethz.ch/data/cshapes/CShapes-2.1.csv,Independent-state capital period from CShapes 2.1.,2c206c6ad079d3fdabaf0fce2eeb1ea71c3c794ecfa8e9abc12f8f4542b78f38
LUX,212,Luxembourg,Luxembourg,luxembourg,1993-01-01,2020-12-31,6.13,49.6117,country_converter,1,independent,2.1,cshapes_2_1,https://icr.ethz.ch/data/cshapes/CShapes-2.1.csv,Independent-state capital period from CShapes 2.1.,2c206c6ad079d3fdabaf0fce2eeb1ea71c3c794ecfa8e9abc12f8f4542b78f38
LVA,367,Latvia,Riga,riga,1993-01-01,2020-12-31,24.1333,56.9667,country_converter,1,independent,2.1,cshapes_2_1,https://icr.ethz.ch/data/cshapes/CShapes-2.1.csv,Independent-state capital period from CShapes 2.1.,2c206c6ad079d3fdabaf0fce2eeb1ea71c3c794ecfa8e9abc12f8f4542b78f38
MAR,600,Morocco,Rabat,rabat,1993-01-01,2020-12-31,-6.83,34.02,country_converter,5,independent,2.1,cshapes_2_1,https://icr.ethz.ch/data/cshapes/CShapes-2.1.csv,Independent-state capital period from CShapes 2.1.,2c206c6ad079d3fdabaf0fce2eeb1ea71c3c794ecfa8e9abc12f8f4542b78f38
MDA,359,Moldova,Chisinau,chisinau,1993-01-01,2020-12-31,28.8575,47.0056,country_converter,1,independent,2.1,cshapes_2_1,https://icr.ethz.ch/data/cshapes/CShapes-2.1.csv,Independent-state capital period from CShapes 2.1.,2c206c6ad079d3fdabaf0fce2eeb1ea71c3c794ecfa8e9abc12f8f4542b78f38
MDG,580,Madagascar (Malagasy),Antananarivo,antananarivo,1993-01-01,2020-12-31,47.5167,-18.9167,country_converter,1,independent,2.1,cshapes_2_1,https://icr.ethz.ch/data/cshapes/CShapes-2.1.csv,Independent-state capital period from CShapes 2.1.,2c206c6ad079d3fdabaf0fce2eeb1ea71c3c794ecfa8e9abc12f8f4542b78f38
MDV,781,Maldives,Male,male,1993-01-01,2020-12-31,73.5,4.16667,country_converter,1,independent,2.1,cshapes_2_1,https://icr.ethz.ch/data/cshapes/CShapes-2.1.csv,Independent-state capital period from CShapes 2.1.,2c206c6ad079d3fdabaf0fce2eeb1ea71c3c794ecfa8e9abc12f8f4542b78f38
MEX,70,Mexico,Mexico City,mexico city,1993-01-01,2020-12-31,-99.1386,19.4342,country_converter,1,independent,2.1,cshapes_2_1,https://icr.ethz.ch/data/cshapes/CShapes-2.1.csv,Independent-state capital period from CShapes 2.1.,2c206c6ad079d3fdabaf0fce2eeb1ea71c3c794ecfa8e9abc12f8f4542b78f38
MKD,343,Macedonia (FYROM/North Macedonia),Skopje,skopje,1993-01-01,2020-12-31,21.428,41.9973,country_converter,1,independent,2.1,cshapes_2_1,https://icr.ethz.ch/data/cshapes/CShapes-2.1.csv,Independent-state capital period from CShapes 2.1.,2c206c6ad079d3fdabaf0fce2eeb1ea71c3c794ecfa8e9abc12f8f4542b78f38
MLI,432,Mali,Bamako,bamako,1993-01-01,2020-12-31,-7.97491,12.6177,country_converter,1,independent,2.1,cshapes_2_1,https://icr.ethz.ch/data/cshapes/CShapes-2.1.csv,Independent-state capital period from CShapes 2.1.,2c206c6ad079d3fdabaf0fce2eeb1ea71c3c794ecfa8e9abc12f8f4542b78f38
MLT,338,Malta,Valletta,valletta,1993-01-01,2020-12-31,14.5147,35.8997,country_converter,1,independent,2.1,cshapes_2_1,https://icr.ethz.ch/data/cshapes/CShapes-2.1.csv,Independent-state capital period from CShapes 2.1.,2c206c6ad079d3fdabaf0fce2eeb1ea71c3c794ecfa8e9abc12f8f4542b78f38
MMR,775,Myanmar (Burma),Rangoon,rangoon,1993-01-01,2005-11-05,96.1667,16.7833,country_converter,1,independent,2.1,cshapes_2_1,https://icr.ethz.ch/data/cshapes/CShapes-2.1.csv,Independent-state capital period from CShapes 2.1.,2c206c6ad079d3fdabaf0fce2eeb1ea71c3c794ecfa8e9abc12f8f4542b78f38
MMR,775,Myanmar (Burma),Naypyidaw,naypyidaw,2005-11-06,2020-12-31,96.1186,19.7666,country_converter,1,independent,2.1,cshapes_2_1,https://icr.ethz.ch/data/cshapes/CShapes-2.1.csv,Independent-state capital period from CShapes 2.1.,2c206c6ad079d3fdabaf0fce2eeb1ea71c3c794ecfa8e9abc12f8f4542b78f38
MNE,341,Montenegro,Podgorica,podgorica,2006-06-12,2020-12-31,19.2636,42.4411,country_converter,1,independent,2.1,cshapes_2_1,https://icr.ethz.ch/data/cshapes/CShapes-2.1.csv,Independent-state capital period from CShapes 2.1.,2c206c6ad079d3fdabaf0fce2eeb1ea71c3c794ecfa8e9abc12f8f4542b78f38
MNG,712,Mongolia,Ulan Bator,ulan bator,1993-01-01,2020-12-31,106.917,47.9167,country_converter,1,independent,2.1,cshapes_2_1,https://icr.ethz.ch/data/cshapes/CShapes-2.1.csv,Independent-state capital period from CShapes 2.1.,2c206c6ad079d3fdabaf0fce2eeb1ea71c3c794ecfa8e9abc12f8f4542b78f38
MOZ,541,Mozambique,Maputo,maputo,1993-01-01,2020-12-31,32.5892,-25.9653,country_converter,1,independent,2.1,cshapes_2_1,https://icr.ethz.ch/data/cshapes/CShapes-2.1.csv,Independent-state capital period from CShapes 2.1.,2c206c6ad079d3fdabaf0fce2eeb1ea71c3c794ecfa8e9abc12f8f4542b78f38
MRT,435,Mauritania,Nouakchott,nouakchott,1993-01-01,2020-12-31,-16.0274,18.1194,country_converter,3,independent,2.1,cshapes_2_1,https://icr.ethz.ch/data/cshapes/CShapes-2.1.csv,Independent-state capital period from CShapes 2.1.,2c206c6ad079d3fdabaf0fce2eeb1ea71c3c794ecfa8e9abc12f8f4542b78f38
MUS,590,Mauritius,Port Louis,port louis,1993-01-01,2020-12-31,57.4989,-20.1619,country_converter,1,independent,2.1,cshapes_2_1,https://icr.ethz.ch/data/cshapes/CShapes-2.1.csv,Independent-state capital period from CShapes 2.1.,2c206c6ad079d3fdabaf0fce2eeb1ea71c3c794ecfa8e9abc12f8f4542b78f38
MWI,553,Malawi,Lilongwe,lilongwe,1993-01-01,2020-12-31,33.7833,-13.9833,country_converter,1,independent,2.1,cshapes_2_1,https://icr.ethz.ch/data/cshapes/CShapes-2.1.csv,Independent-state capital period from CShapes 2.1.,2c206c6ad079d3fdabaf0fce2eeb1ea71c3c794ecfa8e9abc12f8f4542b78f38
MYS,820,Malaysia,Kuala Lumpur,kuala lumpur,1993-01-01,2020-12-31,101.7,3.16667,country_converter,3,independent,2.1,cshapes_2_1,https://icr.ethz.ch/data/cshapes/CShapes-2.1.csv,Independent-state capital period from CShapes 2.1.,2c206c6ad079d3fdabaf0fce2eeb1ea71c3c794ecfa8e9abc12f8f4542b78f38
NAM,565,Namibia,Windhoek,windhoek,1993-01-01,2020-12-31,17.0836,-22.57,country_converter,1,independent,2.1,cshapes_2_1,https://icr.ethz.ch/data/cshapes/CShapes-2.1.csv,Independent-state capital period from CShapes 2.1.,2c206c6ad079d3fdabaf0fce2eeb1ea71c3c794ecfa8e9abc12f8f4542b78f38
NER,436,Niger,Niamey,niamey,1993-01-01,2020-12-31,2.11667,13.5167,country_converter,1,independent,2.1,cshapes_2_1,https://icr.ethz.ch/data/cshapes/CShapes-2.1.csv,Independent-state capital period from CShapes 2.1.,2c206c6ad079d3fdabaf0fce2eeb1ea71c3c794ecfa8e9abc12f8f4542b78f38
NGA,475,Nigeria,Abuja,abuja,1993-01-01,2020-12-31,7.53333,9.08333,country_converter,2,independent,2.1,cshapes_2_1,https://icr.ethz.ch/data/cshapes/CShapes-2.1.csv,Independent-state capital period from CShapes 2.1.,2c206c6ad079d3fdabaf0fce2eeb1ea71c3c794ecfa8e9abc12f8f4542b78f38
NIC,93,Nicaragua,Managua,managua,1993-01-01,2020-12-31,-86.2683,12.1508,country_converter,1,independent,2.1,cshapes_2_1,https://icr.ethz.ch/data/cshapes/CShapes-2.1.csv,Independent-state capital period from CShapes 2.1.,2c206c6ad079d3fdabaf0fce2eeb1ea71c3c794ecfa8e9abc12f8f4542b78f38
NLD,210,Netherlands,Amsterdam,amsterdam,1993-01-01,2020-12-31,4.91667,52.35,country_converter,1,independent,2.1,cshapes_2_1,https://icr.ethz.ch/data/cshapes/CShapes-2.1.csv,Independent-state capital period from CShapes 2.1.,2c206c6ad079d3fdabaf0fce2eeb1ea71c3c794ecfa8e9abc12f8f4542b78f38
NOR,385,Norway,Oslo,oslo,1993-01-01,2020-12-31,10.7522,59.9139,country_converter,1,independent,2.1,cshapes_2_1,https://icr.ethz.ch/data/cshapes/CShapes-2.1.csv,Independent-state capital period from CShapes 2.1.,2c206c6ad079d3fdabaf0fce2eeb1ea71c3c794ecfa8e9abc12f8f4542b78f38
NPL,790,Nepal,Kathmandu,kathmandu,1993-01-01,2020-12-31,85.3167,27.7167,country_converter,1,independent,2.1,cshapes_2_1,https://icr.ethz.ch/data/cshapes/CShapes-2.1.csv,Independent-state capital period from CShapes 2.1.,2c206c6ad079d3fdabaf0fce2eeb1ea71c3c794ecfa8e9abc12f8f4542b78f38
NZL,920,New Zealand,Wellington,wellington,1993-01-01,2020-12-31,174.783,-41.3,country_converter,1,independent,2.1,cshapes_2_1,https://icr.ethz.ch/data/cshapes/CShapes-2.1.csv,Independent-state capital period from CShapes 2.1.,2c206c6ad079d3fdabaf0fce2eeb1ea71c3c794ecfa8e9abc12f8f4542b78f38
OMN,698,Oman,Masqat,masqat,1993-01-01,2020-12-31,58.5933,23.6133,country_converter,2,independent,2.1,cshapes_2_1,https://icr.ethz.ch/data/cshapes/CShapes-2.1.csv,Independent-state capital period from CShapes 2.1.,2c206c6ad079d3fdabaf0fce2eeb1ea71c3c794ecfa8e9abc12f8f4542b78f38
PAK,770,Pakistan,Islamabad,islamabad,1993-01-01,2020-12-31,73.1667,33.7,country_converter,2,independent,2.1,cshapes_2_1,https://icr.ethz.ch/data/cshapes/CShapes-2.1.csv,Independent-state capital period from CShapes 2.1.,2c206c6ad079d3fdabaf0fce2eeb1ea71c3c794ecfa8e9abc12f8f4542b78f38
PAN,95,Panama,Panama City,panama city,1993-01-01,2020-12-31,-79.5333,8.96667,country_converter,1,independent,2.1,cshapes_2_1,https://icr.ethz.ch/data/cshapes/CShapes-2.1.csv,Independent-state capital period from CShapes 2.1.,2c206c6ad079d3fdabaf0fce2eeb1ea71c3c794ecfa8e9abc12f8f4542b78f38
PER,135,Peru,Lima,lima,1993-01-01,2020-12-31,-77.05,-12.05,country_converter,4,independent,2.1,cshapes_2_1,https://icr.ethz.ch/data/cshapes/CShapes-2.1.csv,Independent-state capital period from CShapes 2.1.,2c206c6ad079d3fdabaf0fce2eeb1ea71c3c794ecfa8e9abc12f8f4542b78f38
PHL,840,Philippines,Manila,manila,1993-01-01,2020-12-31,120.982,14.6042,country_converter,1,independent,2.1,cshapes_2_1,https://icr.ethz.ch/data/cshapes/CShapes-2.1.csv,Independent-state capital period from CShapes 2.1.,2c206c6ad079d3fdabaf0fce2eeb1ea71c3c794ecfa8e9abc12f8f4542b78f38
PNG,910,Papua New Guinea,Port Moresby,port moresby,1993-01-01,2020-12-31,147.193,-9.46472,country_converter,1,independent,2.1,cshapes_2_1,https://icr.ethz.ch/data/cshapes/CShapes-2.1.csv,Independent-state capital period from CShapes 2.1.,2c206c6ad079d3fdabaf0fce2eeb1ea71c3c794ecfa8e9abc12f8f4542b78f38
POL,290,Poland,Warsaw,warsaw,1993-01-01,2020-12-31,21.0,52.25,country_converter,6,independent,2.1,cshapes_2_1,https://icr.ethz.ch/data/cshapes/CShapes-2.1.csv,Independent-state capital period from CShapes 2.1.,2c206c6ad079d3fdabaf0fce2eeb1ea71c3c794ecfa8e9abc12f8f4542b78f38
PRK,731,"Korea, People's Republic of",Pyongyang,pyongyang,1993-01-01,2020-12-31,125.755,39.0194,country_converter,1,independent,2.1,cshapes_2_1,https://icr.ethz.ch/data/cshapes/CShapes-2.1.csv,Independent-state capital period from CShapes 2.1.,2c206c6ad079d3fdabaf0fce2eeb1ea71c3c794ecfa8e9abc12f8f4542b78f38
PRT,235,Portugal,Lisbon,lisbon,1993-01-01,2020-12-31,-9.13333,38.7167,country_converter,1,independent,2.1,cshapes_2_1,https://icr.ethz.ch/data/cshapes/CShapes-2.1.csv,Independent-state capital period from CShapes 2.1.,2c206c6ad079d3fdabaf0fce2eeb1ea71c3c794ecfa8e9abc12f8f4542b78f38
PRY,150,Paraguay,Asuncion,asuncion,1993-01-01,2020-12-31,-57.6667,-25.2667,country_converter,2,independent,2.1,cshapes_2_1,https://icr.ethz.ch/data/cshapes/CShapes-2.1.csv,Independent-state capital period from CShapes 2.1.,2c206c6ad079d3fdabaf0fce2eeb1ea71c3c794ecfa8e9abc12f8f4542b78f38
PSE,,West Bank and Gaza Strip,Jerusalem,jerusalem,1993-01-01,2020-12-31,35.2137,31.7683,manual_reference,1,not_in_cshapes_independent_states,2.1,manual_official_designation,https://data.un.org/CountryProfile.aspx?crName=State%20of%20Palestine,Manual addition because CShapes excludes PSE from independent states. Operationalized as Jerusalem; the State of Palestine designates East Jerusalem as its capital. Ramallah is not treated as the capital in the main specification.,
QAT,694,Qatar,Doha,doha,1993-01-01,2020-12-31,51.5333,25.2867,country_converter,1,independent,2.1,cshapes_2_1,https://icr.ethz.ch/data/cshapes/CShapes-2.1.csv,Independent-state capital period from CShapes 2.1.,2c206c6ad079d3fdabaf0fce2eeb1ea71c3c794ecfa8e9abc12f8f4542b78f38
ROU,360,Rumania,Bukarest,bukarest,1993-01-01,2020-12-31,26.1,44.4333,country_converter,7,independent,2.1,cshapes_2_1,https://icr.ethz.ch/data/cshapes/CShapes-2.1.csv,Independent-state capital period from CShapes 2.1.,2c206c6ad079d3fdabaf0fce2eeb1ea71c3c794ecfa8e9abc12f8f4542b78f38
RUS,365,Russia (Soviet Union),Moscow,moscow,1993-01-01,2020-12-31,37.6156,55.7522,country_converter,18,independent,2.1,cshapes_2_1,https://icr.ethz.ch/data/cshapes/CShapes-2.1.csv,Independent-state capital period from CShapes 2.1.,2c206c6ad079d3fdabaf0fce2eeb1ea71c3c794ecfa8e9abc12f8f4542b78f38
RWA,517,Rwanda,Kigali,kigali,1993-01-01,2020-12-31,30.0606,-1.95361,country_converter,1,independent,2.1,cshapes_2_1,https://icr.ethz.ch/data/cshapes/CShapes-2.1.csv,Independent-state capital period from CShapes 2.1.,2c206c6ad079d3fdabaf0fce2eeb1ea71c3c794ecfa8e9abc12f8f4542b78f38
SAU,670,Saudi Arabia,Riyadh,riyadh,1993-01-01,2020-12-31,46.7728,24.6408,country_converter,3,independent,2.1,cshapes_2_1,https://icr.ethz.ch/data/cshapes/CShapes-2.1.csv,Independent-state capital period from CShapes 2.1.,2c206c6ad079d3fdabaf0fce2eeb1ea71c3c794ecfa8e9abc12f8f4542b78f38
SDN,625,Sudan,Khartoum,khartoum,1993-01-01,2020-12-31,32.5342,15.5881,country_converter,2,independent,2.1,cshapes_2_1,https://icr.ethz.ch/data/cshapes/CShapes-2.1.csv,Independent-state capital period from CShapes 2.1.,2c206c6ad079d3fdabaf0fce2eeb1ea71c3c794ecfa8e9abc12f8f4542b78f38
SEN,433,Senegal,Dakar,dakar,1993-01-01,2020-12-31,-17.4553,14.7089,country_converter,1,independent,2.1,cshapes_2_1,https://icr.ethz.ch/data/cshapes/CShapes-2.1.csv,Independent-state capital period from CShapes 2.1.,2c206c6ad079d3fdabaf0fce2eeb1ea71c3c794ecfa8e9abc12f8f4542b78f38
SGP,830,Singapore,Singapore City,singapore city,1993-01-01,2020-12-31,103.856,1.29306,country_converter,1,independent,2.1,cshapes_2_1,https://icr.ethz.ch/data/cshapes/CShapes-2.1.csv,Independent-state capital period from CShapes 2.1.,2c206c6ad079d3fdabaf0fce2eeb1ea71c3c794ecfa8e9abc12f8f4542b78f38
SLB,940,Solomon Islands,Honiara,honiara,1993-01-01,2020-12-31,159.95,-9.43333,country_converter,1,independent,2.1,cshapes_2_1,https://icr.ethz.ch/data/cshapes/CShapes-2.1.csv,Independent-state capital period from CShapes 2.1.,2c206c6ad079d3fdabaf0fce2eeb1ea71c3c794ecfa8e9abc12f8f4542b78f38
SLE,451,Sierra Leone,Freetown,freetown,1993-01-01,2020-12-31,-13.2342,8.49,country_converter,1,independent,2.1,cshapes_2_1,https://icr.ethz.ch/data/cshapes/CShapes-2.1.csv,Independent-state capital period from CShapes 2.1.,2c206c6ad079d3fdabaf0fce2eeb1ea71c3c794ecfa8e9abc12f8f4542b78f38
SLV,92,El Salvador,San Salvador,san salvador,1993-01-01,2020-12-31,-89.2031,13.7086,country_converter,1,independent,2.1,cshapes_2_1,https://icr.ethz.ch/data/cshapes/CShapes-2.1.csv,Independent-state capital period from CShapes 2.1.,2c206c6ad079d3fdabaf0fce2eeb1ea71c3c794ecfa8e9abc12f8f4542b78f38
SOM,520,Somalia,Mogadishu,mogadishu,1993-01-01,2020-12-31,45.3667,2.06667,country_converter,1,independent,2.1,cshapes_2_1,https://icr.ethz.ch/data/cshapes/CShapes-2.1.csv,Independent-state capital period from CShapes 2.1.,2c206c6ad079d3fdabaf0fce2eeb1ea71c3c794ecfa8e9abc12f8f4542b78f38
SRB,340,Serbia,Belgrade,belgrade,2006-06-06,2020-12-31,20.4681,44.8186,country_converter,2,independent,2.1,cshapes_2_1,https://icr.ethz.ch/data/cshapes/CShapes-2.1.csv,Independent-state capital period from CShapes 2.1.,2c206c6ad079d3fdabaf0fce2eeb1ea71c3c794ecfa8e9abc12f8f4542b78f38
SSD,626,South Sudan,Juba,juba,2011-07-09,2020-12-31,31.6,4.85,country_converter,1,independent,2.1,cshapes_2_1,https://icr.ethz.ch/data/cshapes/CShapes-2.1.csv,Independent-state capital period from CShapes 2.1.,2c206c6ad079d3fdabaf0fce2eeb1ea71c3c794ecfa8e9abc12f8f4542b78f38
SUR,115,Surinam,Paramaribo,paramaribo,1993-01-01,2020-12-31,-55.1667,5.83333,country_converter,1,independent,2.1,cshapes_2_1,https://icr.ethz.ch/data/cshapes/CShapes-2.1.csv,Independent-state capital period from CShapes 2.1.,2c206c6ad079d3fdabaf0fce2eeb1ea71c3c794ecfa8e9abc12f8f4542b78f38
SVK,317,Slovakia,Bratislava,bratislava,1993-01-01,2020-12-31,17.1167,48.15,country_converter,1,independent,2.1,cshapes_2_1,https://icr.ethz.ch/data/cshapes/CShapes-2.1.csv,Independent-state capital period from CShapes 2.1.,2c206c6ad079d3fdabaf0fce2eeb1ea71c3c794ecfa8e9abc12f8f4542b78f38
SVN,349,Slovenia,Ljubljana,ljubljana,1993-01-01,2020-12-31,14.5144,46.0553,country_converter,1,independent,2.1,cshapes_2_1,https://icr.ethz.ch/data/cshapes/CShapes-2.1.csv,Independent-state capital period from CShapes 2.1.,2c206c6ad079d3fdabaf0fce2eeb1ea71c3c794ecfa8e9abc12f8f4542b78f38
SWE,380,Sweden,Stockholm,stockholm,1993-01-01,2020-12-31,18.0745,59.3399,country_converter,2,independent,2.1,cshapes_2_1,https://icr.ethz.ch/data/cshapes/CShapes-2.1.csv,Independent-state capital period from CShapes 2.1.,2c206c6ad079d3fdabaf0fce2eeb1ea71c3c794ecfa8e9abc12f8f4542b78f38
SWZ,572,Swaziland (Eswatini),Mbabane,mbabane,1993-01-01,2020-12-31,31.1333,-26.3167,country_converter,1,independent,2.1,cshapes_2_1,https://icr.ethz.ch/data/cshapes/CShapes-2.1.csv,Independent-state capital period from CShapes 2.1.,2c206c6ad079d3fdabaf0fce2eeb1ea71c3c794ecfa8e9abc12f8f4542b78f38
SYR,652,Syria,Damascus,damascus,1993-01-01,2020-12-31,36.3,33.5,country_converter,2,independent,2.1,cshapes_2_1,https://icr.ethz.ch/data/cshapes/CShapes-2.1.csv,Independent-state capital period from CShapes 2.1.,2c206c6ad079d3fdabaf0fce2eeb1ea71c3c794ecfa8e9abc12f8f4542b78f38
TCD,483,Chad,N'Djamena,n djamena,1993-01-01,2020-12-31,15.2167,11.7167,country_converter,1,independent,2.1,cshapes_2_1,https://icr.ethz.ch/data/cshapes/CShapes-2.1.csv,Independent-state capital period from CShapes 2.1.,2c206c6ad079d3fdabaf0fce2eeb1ea71c3c794ecfa8e9abc12f8f4542b78f38
TGO,461,Togo,Lome,lome,1993-01-01,2020-12-31,1.23136,6.1725,country_converter,1,independent,2.1,cshapes_2_1,https://icr.ethz.ch/data/cshapes/CShapes-2.1.csv,Independent-state capital period from CShapes 2.1.,2c206c6ad079d3fdabaf0fce2eeb1ea71c3c794ecfa8e9abc12f8f4542b78f38
THA,800,Thailand,Bangkok,bangkok,1993-01-01,2020-12-31,100.517,13.75,country_converter,5,independent,2.1,cshapes_2_1,https://icr.ethz.ch/data/cshapes/CShapes-2.1.csv,Independent-state capital period from CShapes 2.1.,2c206c6ad079d3fdabaf0fce2eeb1ea71c3c794ecfa8e9abc12f8f4542b78f38
TJK,702,Tajikistan,Dushanbe,dushanbe,1993-01-01,2020-12-31,68.7739,38.56,country_converter,1,independent,2.1,cshapes_2_1,https://icr.ethz.ch/data/cshapes/CShapes-2.1.csv,Independent-state capital period from CShapes 2.1.,2c206c6ad079d3fdabaf0fce2eeb1ea71c3c794ecfa8e9abc12f8f4542b78f38
TKM,701,Turkmenistan,Ashgabat,ashgabat,1993-01-01,2020-12-31,58.3833,37.95,country_converter,1,independent,2.1,cshapes_2_1,https://icr.ethz.ch/data/cshapes/CShapes-2.1.csv,Independent-state capital period from CShapes 2.1.,2c206c6ad079d3fdabaf0fce2eeb1ea71c3c794ecfa8e9abc12f8f4542b78f38
TLS,860,East Timor,Dili,dili,2002-05-20,2020-12-31,125.574,-8.55861,country_converter,1,independent,2.1,cshapes_2_1,https://icr.ethz.ch/data/cshapes/CShapes-2.1.csv,Independent-state capital period from CShapes 2.1.,2c206c6ad079d3fdabaf0fce2eeb1ea71c3c794ecfa8e9abc12f8f4542b78f38
TTO,52,Trinidad and Tobago,Port-of-Spain,port of spain,1993-01-01,2020-12-31,-61.5167,10.65,country_converter,1,independent,2.1,cshapes_2_1,https://icr.ethz.ch/data/cshapes/CShapes-2.1.csv,Independent-state capital period from CShapes 2.1.,2c206c6ad079d3fdabaf0fce2eeb1ea71c3c794ecfa8e9abc12f8f4542b78f38
TUN,616,Tunisia,Tunis,tunis,1993-01-01,2020-12-31,10.1797,36.8028,country_converter,1,independent,2.1,cshapes_2_1,https://icr.ethz.ch/data/cshapes/CShapes-2.1.csv,Independent-state capital period from CShapes 2.1.,2c206c6ad079d3fdabaf0fce2eeb1ea71c3c794ecfa8e9abc12f8f4542b78f38
TUR,640,Turkey (Ottoman Empire),Ankara,ankara,1993-01-01,2020-12-31,32.8644,39.9272,country_converter,1,independent,2.1,cshapes_2_1,https://icr.ethz.ch/data/cshapes/CShapes-2.1.csv,Independent-state capital period from CShapes 2.1.,2c206c6ad079d3fdabaf0fce2eeb1ea71c3c794ecfa8e9abc12f8f4542b78f38
TWN,713,Taiwan,Taipei,taipei,1993-01-01,2020-12-31,121.525,25.0392,country_converter,1,independent,2.1,cshapes_2_1,https://icr.ethz.ch/data/cshapes/CShapes-2.1.csv,Independent-state capital period from CShapes 2.1.,2c206c6ad079d3fdabaf0fce2eeb1ea71c3c794ecfa8e9abc12f8f4542b78f38
TZA,510,Tanzania (Tanganyika),Dodoma,dodoma,1993-01-01,2020-12-31,35.7419,-6.173,country_converter,2,independent,2.1,cshapes_2_1,https://icr.ethz.ch/data/cshapes/CShapes-2.1.csv,Independent-state capital period from CShapes 2.1.,2c206c6ad079d3fdabaf0fce2eeb1ea71c3c794ecfa8e9abc12f8f4542b78f38
UGA,500,Uganda,Kampala,kampala,1993-01-01,2020-12-31,32.5656,0.31556,country_converter,1,independent,2.1,cshapes_2_1,https://icr.ethz.ch/data/cshapes/CShapes-2.1.csv,Independent-state capital period from CShapes 2.1.,2c206c6ad079d3fdabaf0fce2eeb1ea71c3c794ecfa8e9abc12f8f4542b78f38
UKR,369,Ukraine,Kiev,kiev,1993-01-01,2020-12-31,30.5167,50.4333,country_converter,2,independent,2.1,cshapes_2_1,https://icr.ethz.ch/data/cshapes/CShapes-2.1.csv,Independent-state capital period from CShapes 2.1.,2c206c6ad079d3fdabaf0fce2eeb1ea71c3c794ecfa8e9abc12f8f4542b78f38
URY,165,Uruguay,Montevideo,montevideo,1993-01-01,2020-12-31,-56.1708,-34.8581,country_converter,1,independent,2.1,cshapes_2_1,https://icr.ethz.ch/data/cshapes/CShapes-2.1.csv,Independent-state capital period from CShapes 2.1.,2c206c6ad079d3fdabaf0fce2eeb1ea71c3c794ecfa8e9abc12f8f4542b78f38
USA,2,United States of America,Washington,washington,1993-01-01,2020-12-31,-77.0367,38.895,country_converter,3,independent,2.1,cshapes_2_1,https://icr.ethz.ch/data/cshapes/CShapes-2.1.csv,Independent-state capital period from CShapes 2.1.,2c206c6ad079d3fdabaf0fce2eeb1ea71c3c794ecfa8e9abc12f8f4542b78f38
UZB,704,Uzbekistan,Tashkent,tashkent,1993-01-01,2020-12-31,69.25,41.3167,country_converter,1,independent,2.1,cshapes_2_1,https://icr.ethz.ch/data/cshapes/CShapes-2.1.csv,Independent-state capital period from CShapes 2.1.,2c206c6ad079d3fdabaf0fce2eeb1ea71c3c794ecfa8e9abc12f8f4542b78f38
VEN,101,Venezuela,Caracas,caracas,1993-01-01,2020-12-31,-66.9167,10.5,country_converter,1,independent,2.1,cshapes_2_1,https://icr.ethz.ch/data/cshapes/CShapes-2.1.csv,Independent-state capital period from CShapes 2.1.,2c206c6ad079d3fdabaf0fce2eeb1ea71c3c794ecfa8e9abc12f8f4542b78f38
VNM,816,"Vietnam, Democratic Republic of",Hanoi,hanoi,1993-01-01,2020-12-31,105.85,21.0333,manual_override,2,independent,2.1,cshapes_2_1,https://icr.ethz.ch/data/cshapes/CShapes-2.1.csv,Independent-state capital period from CShapes 2.1.,2c206c6ad079d3fdabaf0fce2eeb1ea71c3c794ecfa8e9abc12f8f4542b78f38
XKX,347,Kosovo,Pristina,pristina,2008-02-20,2020-12-31,21.1667,42.6667,country_converter,1,independent,2.1,cshapes_2_1,https://icr.ethz.ch/data/cshapes/CShapes-2.1.csv,Independent-state capital period from CShapes 2.1.,2c206c6ad079d3fdabaf0fce2eeb1ea71c3c794ecfa8e9abc12f8f4542b78f38
YEM,678,Yemen (Arab Republic of Yemen),Sana'a,sana a,1993-01-01,2020-12-31,44.1833,15.2833,country_converter,4,independent,2.1,cshapes_2_1,https://icr.ethz.ch/data/cshapes/CShapes-2.1.csv,Independent-state capital period from CShapes 2.1.,2c206c6ad079d3fdabaf0fce2eeb1ea71c3c794ecfa8e9abc12f8f4542b78f38
YUG,345,Yugoslavia,Belgrade,belgrade,1993-01-01,2006-06-02,20.4681,44.8186,manual_override,5,independent,2.1,cshapes_2_1,https://icr.ethz.ch/data/cshapes/CShapes-2.1.csv,Independent-state capital period from CShapes 2.1.,2c206c6ad079d3fdabaf0fce2eeb1ea71c3c794ecfa8e9abc12f8f4542b78f38
ZAF,560,South Africa,Pretoria,pretoria,1993-01-01,2020-12-31,28.2294,-25.7069,country_converter,1,independent,2.1,cshapes_2_1,https://icr.ethz.ch/data/cshapes/CShapes-2.1.csv,Independent-state capital period from CShapes 2.1.,2c206c6ad079d3fdabaf0fce2eeb1ea71c3c794ecfa8e9abc12f8f4542b78f38
ZMB,551,Zambia,Lusaka,lusaka,1993-01-01,2020-12-31,28.2833,-15.4167,country_converter,1,independent,2.1,cshapes_2_1,https://icr.ethz.ch/data/cshapes/CShapes-2.1.csv,Independent-state capital period from CShapes 2.1.,2c206c6ad079d3fdabaf0fce2eeb1ea71c3c794ecfa8e9abc12f8f4542b78f38
ZWE,552,Zimbabwe (Rhodesia),Harare,harare,1993-01-01,2020-12-31,31.0447,-17.8178,country_converter,1,independent,2.1,cshapes_2_1,https://icr.ethz.ch/data/cshapes/CShapes-2.1.csv,Independent-state capital period from CShapes 2.1.,2c206c6ad079d3fdabaf0fce2eeb1ea71c3c794ecfa8e9abc12f8f4542b78f38
